{"stat.leaveGame":16,"stat.useItem.minecraft.log2":5,"stat.mineBlock.minecraft.cobblestone":9,"stat.mineBlock.minecraft.yellow_flower":1,"stat.mineBlock.minecraft.sandstone":27,"stat.swimOneCm":1456,"stat.useItem.minecraft.planks":75,"stat.climbOneCm":1939,"achievement.buildWorkBench":2,"stat.useItem.minecraft.dirt":524,"achievement.exploreAllBiomes":{"value":0,"progress":["Desert"]},"stat.craftItem.minecraft.furnace":1,"stat.useItem.minecraft.red_flower":1,"stat.useItem.minecraft.golden_pickaxe":8,"stat.craftItem.minecraft.stone_pickaxe":2,"stat.useItem.minecraft.stone_shovel":49,"stat.craftItem.minecraft.stone_sword":1,"stat.flyOneCm":1099958,"stat.useItem.minecraft.ender_pearl":9,"achievement.buildPickaxe":2,"stat.mineBlock.minecraft.sand":13,"achievement.buildBetterPickaxe":2,"stat.craftItem.minecraft.slime":1,"stat.mineBlock.minecraft.iron_ore":37,"stat.timeSinceDeath":12196,"stat.useItem.minecraft.iron_pickaxe":121,"stat.craftItem.minecraft.wooden_pickaxe":1,"stat.craftItem.minecraft.glass_pane":16,"stat.furnaceInteraction":21,"stat.mineBlock.minecraft.enchanting_table":2,"stat.mineBlock.minecraft.coal_ore":1,"stat.useItem.minecraft.double_plant":7,"stat.useItem.minecraft.sea_lantern":1,"achievement.mineWood":37,"stat.mineBlock.minecraft.stained_hardened_clay":137,"stat.sprintOneCm":645823,"stat.craftItem.minecraft.wooden_axe":1,"stat.craftItem.minecraft.stick":28,"achievement.openInventory":131,"stat.craftItem.minecraft.stone":9,"stat.mineBlock.minecraft.crafting_table":3,"stat.useItem.minecraft.dye":64,"stat.deaths":9,"stat.mineBlock.minecraft.planks":41,"stat.drop":16,"stat.playOneMinute":403746,"stat.craftItem.minecraft.iron_pickaxe":1,"stat.mineBlock.minecraft.gold_ore":17,"stat.mineBlock.minecraft.tallgrass":3,"stat.diveOneCm":1744,"stat.chestOpened":40,"stat.useItem.minecraft.stone":3,"stat.mineBlock.minecraft.stone_button":1,"stat.jump":5920,"stat.useItem.minecraft.sand":6,"stat.fallOneCm":172143,"stat.crouchOneCm":5703,"stat.craftItem.minecraft.chest":2,"stat.craftItem.minecraft.iron_ingot":6,"stat.craftingTableInteraction":37,"stat.useItem.minecraft.sapling":29,"stat.mineBlock.minecraft.lapis_ore":5,"stat.mineBlock.minecraft.leaves2":18,"stat.mineBlock.minecraft.log2":15,"stat.damageTaken":5390,"stat.mineBlock.minecraft.torch":10,"stat.mineBlock.minecraft.furnace":1,"stat.mineBlock.minecraft.red_flower":1,"stat.useItem.minecraft.wooden_pickaxe":61,"stat.useItem.minecraft.furnace":2,"stat.mineBlock.minecraft.sapling":10,"stat.craftItem.minecraft.sea_lantern":1,"stat.mineBlock.minecraft.gravel":14,"stat.useItem.minecraft.stone_pickaxe":265,"stat.mineBlock.minecraft.glass":14,"stat.useItem.minecraft.enchanting_table":3,"stat.damageDealt":10,"stat.craftItem.minecraft.glass":7,"stat.mineBlock.minecraft.dirt":148,"stat.useItem.minecraft.crafting_table":7,"stat.craftItem.minecraft.golden_pickaxe":1,"stat.craftItem.minecraft.stone_shovel":1,"stat.walkOneCm":2031565,"stat.useItem.minecraft.bread":109,"stat.useItem.minecraft.torch":60,"stat.useItem.minecraft.chest":1,"stat.useItem.minecraft.log":1,"stat.useItem.minecraft.cobblestone":751,"stat.craftItem.minecraft.crafting_table":3,"stat.useItem.minecraft.gravel":13,"stat.breakItem.minecraft.stone_pickaxe":2,"stat.useItem.minecraft.yellow_flower":1,"stat.craftItem.minecraft.gold_ingot":17,"stat.useItem.minecraft.stained_hardened_clay":281,"stat.craftItem.minecraft.planks":120,"stat.mineBlock.minecraft.log":22,"stat.craftItem.minecraft.golden_shovel":1,"stat.mineBlock.minecraft.leaves":3,"stat.mineBlock.minecraft.redstone_ore":5,"stat.useItem.minecraft.wooden_axe":40,"stat.mineBlock.minecraft.stone":190,"stat.useItem.minecraft.sandstone":72,"stat.breakItem.minecraft.wooden_pickaxe":1}