{"stat.chestOpened":6,"stat.useItem.minecraft.string":3,"stat.walkOneCm":698958,"stat.useItem.minecraft.quartz_block":2,"stat.useItem.minecraft.chest":10,"stat.useItem.minecraft.stone":86,"stat.leaveGame":19,"stat.useItem.minecraft.glowstone":2,"stat.useItem.minecraft.bedrock":79,"stat.jump":614,"stat.swimOneCm":15925,"stat.useItem.minecraft.sand":24,"stat.fallOneCm":9017,"stat.useItem.minecraft.planks":7,"stat.climbOneCm":725,"stat.useItem.minecraft.redstone":5,"stat.crouchOneCm":2876,"stat.useItem.minecraft.dirt":134,"stat.sprintOneCm":25573,"stat.useItem.minecraft.tallgrass":14,"achievement.exploreAllBiomes":{"value":0,"progress":["Desert"]},"stat.useItem.minecraft.sapling":6,"stat.useItem.minecraft.redstone_lamp":7,"achievement.openInventory":108,"stat.damageTaken":820,"stat.useItem.minecraft.iron_ore":5,"stat.useItem.minecraft.dye":14,"stat.flyOneCm":2229822,"stat.deaths":2,"stat.drop":3,"stat.playOneMinute":1050388,"stat.useItem.minecraft.diamond_ore":161,"stat.damageDealt":120,"stat.timeSinceDeath":785357,"stat.useItem.minecraft.sign":2,"stat.diveOneCm":36585,"stat.useItem.minecraft.sandstone":139}