{"stat.chestOpened":65,"stat.useItem.minecraft.glass":1,"stat.walkOneCm":480433,"stat.useItem.minecraft.quartz_block":84,"stat.useItem.minecraft.chest":6,"achievement.openInventory":39,"stat.useItem.minecraft.stone":31,"stat.leaveGame":4,"stat.useItem.minecraft.iron_block":4,"stat.damageTaken":60,"stat.useItem.minecraft.hopper":5,"stat.useItem.minecraft.glowstone":128,"stat.flyOneCm":2534555,"stat.drop":45,"stat.jump":828,"stat.swimOneCm":5352,"stat.useItem.minecraft.sand":23,"stat.playOneMinute":606348,"stat.fallOneCm":2178,"stat.useItem.minecraft.planks":59,"stat.useItem.minecraft.wool":86,"stat.crouchOneCm":166,"stat.timeSinceDeath":606348,"stat.useItem.minecraft.stained_hardened_clay":59,"stat.hopperInspected":30,"stat.useItem.minecraft.dirt":409,"stat.sprintOneCm":121691,"stat.useItem.minecraft.sign":1,"achievement.exploreAllBiomes":{"value":0,"progress":["Desert"]},"stat.diveOneCm":894,"stat.useItem.minecraft.sandstone":21}