{"stat.chestOpened":13,"stat.beaconInteraction":1,"stat.leaveGame":12,"stat.mineBlock.minecraft.cobblestone":14,"stat.mineBlock.minecraft.sandstone":25,"stat.jump":1940,"stat.swimOneCm":3380,"stat.useItem.minecraft.sand":1,"stat.fallOneCm":29538,"stat.crouchOneCm":9050,"stat.craftItem.minecraft.iron_ingot":35,"stat.useItem.minecraft.dirt":1,"achievement.exploreAllBiomes":{"value":0,"progress":["Desert"]},"stat.craftingTableInteraction":1,"stat.damageTaken":1250,"stat.useItem.minecraft.iron_ore":1,"stat.flyOneCm":50082,"stat.useItem.minecraft.ender_pearl":7,"stat.mineBlock.minecraft.sand":1,"stat.mineBlock.minecraft.gravel":18,"stat.mineBlock.minecraft.beacon":1,"stat.mineBlock.minecraft.iron_ore":2,"stat.timeSinceDeath":199532,"stat.walkOneCm":1336820,"stat.useItem.minecraft.bread":26,"stat.useItem.minecraft.torch":4,"stat.useItem.minecraft.cobblestone":216,"stat.furnaceInteraction":1,"stat.useItem.minecraft.gravel":2,"stat.mineBlock.minecraft.coal_ore":40,"stat.mineBlock.minecraft.emerald_ore":184,"stat.useItem.minecraft.stained_hardened_clay":32,"stat.mineBlock.minecraft.stained_hardened_clay":141,"stat.sprintOneCm":456575,"achievement.openInventory":64,"stat.useItem.minecraft.diamond_pickaxe":632,"stat.mineBlock.minecraft.quartz_block":2,"stat.deaths":2,"stat.drop":3,"stat.playOneMinute":398545,"stat.mineBlock.minecraft.redstone_ore":35,"stat.mineBlock.minecraft.stone":149,"stat.mineBlock.minecraft.gold_ore":1,"stat.diveOneCm":208,"stat.useItem.minecraft.sandstone":3}