{"stat.chestOpened":50,"stat.mineBlock.minecraft.stone_button":1,"stat.useItem.minecraft.stone":1,"stat.leaveGame":8,"stat.mineBlock.minecraft.cobblestone":10,"stat.mineBlock.minecraft.yellow_flower":1,"stat.useItem.minecraft.apple":3,"stat.mineBlock.minecraft.deadbush":7,"stat.swimOneCm":27973,"stat.jump":6193,"stat.useItem.minecraft.sand":78,"stat.fallOneCm":196470,"stat.useItem.minecraft.planks":36,"stat.climbOneCm":1743,"stat.crouchOneCm":1933,"stat.breakItem.minecraft.iron_pickaxe":2,"achievement.exploreAllBiomes":{"value":0,"progress":["Desert"]},"stat.useItem.minecraft.cooked_chicken":3,"stat.craftingTableInteraction":8,"stat.damageTaken":10850,"stat.useItem.minecraft.brick_block":1,"stat.flyOneCm":1315643,"stat.useItem.minecraft.ender_pearl":1,"stat.mineBlock.minecraft.sand":137,"stat.mineBlock.minecraft.gravel":3,"stat.useItem.minecraft.stone_pickaxe":131,"stat.useItem.minecraft.cooked_beef":2,"stat.mineBlock.minecraft.glass":2,"stat.useItem.minecraft.stone_sword":11,"stat.damageDealt":3175,"stat.mineBlock.minecraft.iron_ore":43,"stat.timeSinceDeath":1971,"stat.killEntity.Silverfish":8,"stat.mineBlock.minecraft.dirt":35,"stat.useItem.minecraft.iron_pickaxe":357,"stat.mineBlock.minecraft.monster_egg":3,"stat.walkOneCm":2551211,"stat.useItem.minecraft.bread":126,"stat.useItem.minecraft.torch":8,"stat.playerKills":5,"stat.useItem.minecraft.log":1,"stat.useItem.minecraft.oak_stairs":2,"stat.useItem.minecraft.cobblestone":3,"stat.furnaceInteraction":28,"stat.useItem.minecraft.lava_bucket":6,"stat.mineBlock.minecraft.coal_ore":25,"stat.breakItem.minecraft.stone_pickaxe":1,"stat.mineBlock.minecraft.redstone_lamp":1,"achievement.mineWood":9,"stat.useItem.minecraft.stained_hardened_clay":101,"stat.mineBlock.minecraft.stained_hardened_clay":152,"stat.sprintOneCm":989503,"stat.mineBlock.minecraft.cactus":22,"achievement.openInventory":90,"stat.useItem.minecraft.iron_sword":5,"stat.craftItem.minecraft.stone":1,"stat.mineBlock.minecraft.diamond_ore":8,"stat.mineBlock.minecraft.glowstone":4,"stat.mobKills":8,"stat.mineBlock.minecraft.log":9,"stat.useItem.minecraft.bucket":6,"stat.deaths":32,"stat.mineBlock.minecraft.planks":4,"stat.drop":143,"stat.playOneMinute":419436,"stat.useItem.minecraft.wooden_sword":7,"stat.entityKilledBy.Silverfish":1,"stat.mineBlock.minecraft.redstone_ore":98,"stat.mineBlock.minecraft.stone":86,"stat.mineBlock.minecraft.gold_ore":2,"stat.mineBlock.minecraft.tallgrass":4,"stat.diveOneCm":54152}