{"stat.chestOpened":5,"stat.useItem.minecraft.lapis_block":1,"stat.walkOneCm":532507,"stat.useItem.minecraft.torch":16,"stat.useItem.minecraft.quartz_block":34,"stat.useItem.minecraft.quartz_stairs":81,"stat.leaveGame":1,"stat.talkedToVillager":1,"stat.useItem.minecraft.glowstone":1,"stat.jump":1409,"stat.swimOneCm":14964,"stat.useItem.minecraft.sand":97,"stat.fallOneCm":3059,"stat.crouchOneCm":3613,"stat.useItem.minecraft.stained_hardened_clay":17,"stat.useItem.minecraft.dirt":375,"stat.sprintOneCm":152304,"stat.useItem.minecraft.stained_glass":33,"achievement.exploreAllBiomes":{"value":0,"progress":["Desert"]},"stat.useItem.minecraft.bed":2,"stat.useItem.minecraft.redstone_lamp":1,"achievement.openInventory":61,"stat.damageTaken":200,"stat.useItem.minecraft.slime":6,"stat.flyOneCm":2564771,"stat.deaths":1,"stat.drop":2,"stat.playOneMinute":602367,"stat.useItem.minecraft.wool":62,"stat.timeSinceDeath":242284,"stat.diveOneCm":4214,"stat.useItem.minecraft.sandstone":1}