{"stat.leaveGame":9,"stat.mineBlock.minecraft.cobblestone":19,"stat.swimOneCm":21253,"stat.useItem.minecraft.planks":33,"stat.climbOneCm":771,"achievement.buildWorkBench":3,"stat.useItem.minecraft.dirt":8,"achievement.exploreAllBiomes":{"value":0,"progress":["Desert"]},"stat.craftItem.minecraft.golden_apple":1,"stat.craftItem.minecraft.furnace":1,"stat.useItem.minecraft.golden_sword":20,"stat.useItem.minecraft.iron_ore":1,"stat.useItem.minecraft.golden_pickaxe":39,"stat.craftItem.minecraft.stone_pickaxe":3,"stat.craftItem.minecraft.stone_sword":2,"stat.useItem.minecraft.brick_block":217,"stat.useItem.minecraft.anvil":1,"stat.flyOneCm":1062116,"stat.useItem.minecraft.ender_pearl":5,"stat.mineBlock.minecraft.sand":17,"achievement.buildPickaxe":8,"achievement.buildBetterPickaxe":8,"stat.mineBlock.minecraft.iron_ore":52,"stat.timeSinceDeath":63,"stat.useItem.minecraft.iron_pickaxe":407,"stat.craftItem.minecraft.wooden_pickaxe":1,"stat.mineBlock.minecraft.brick_block":27,"stat.furnaceInteraction":21,"stat.mineBlock.minecraft.coal_ore":82,"stat.useItem.minecraft.sea_lantern":1,"stat.mineBlock.minecraft.redstone_lamp":1,"achievement.buildSword":3,"achievement.mineWood":9,"stat.mineBlock.minecraft.stained_hardened_clay":171,"stat.sprintOneCm":980740,"stat.mineBlock.minecraft.stone_slab":15,"stat.craftItem.minecraft.stick":56,"achievement.openInventory":150,"stat.useItem.minecraft.flint_and_steel":54,"stat.mineBlock.minecraft.crafting_table":3,"stat.mineBlock.minecraft.brick_stairs":16,"stat.mineBlock.minecraft.quartz_block":1,"achievement.killEnemy":12,"achievement.buildFurnace":1,"stat.deaths":18,"stat.mineBlock.minecraft.planks":22,"stat.craftItem.minecraft.golden_sword":1,"stat.drop":34,"stat.playOneMinute":402013,"stat.useItem.minecraft.wooden_sword":1,"stat.craftItem.minecraft.iron_pickaxe":5,"stat.mineBlock.minecraft.gold_ore":24,"stat.mineBlock.minecraft.tallgrass":2,"stat.diveOneCm":38792,"stat.breakItem.minecraft.golden_pickaxe":1,"stat.chestOpened":44,"stat.mineBlock.minecraft.deadbush":4,"stat.useItem.minecraft.potion":2,"stat.jump":7349,"stat.fallOneCm":206426,"stat.crouchOneCm":13933,"stat.craftItem.minecraft.iron_ingot":103,"stat.craftingTableInteraction":23,"stat.mineBlock.minecraft.lapis_ore":8,"stat.craftItem.minecraft.flint_and_steel":1,"stat.damageTaken":8215,"stat.mineBlock.minecraft.furnace":1,"stat.mineBlock.minecraft.torch":8,"stat.useItem.minecraft.wooden_pickaxe":20,"stat.useItem.minecraft.furnace":2,"stat.craftItem.minecraft.wooden_sword":2,"stat.mineBlock.minecraft.gravel":7,"stat.useItem.minecraft.stone_pickaxe":135,"stat.mineBlock.minecraft.glass":4,"stat.useItem.minecraft.stone_sword":23,"stat.damageDealt":7245,"stat.killEntity.Silverfish":26,"stat.mineBlock.minecraft.dirt":15,"stat.useItem.minecraft.crafting_table":6,"stat.craftItem.minecraft.golden_pickaxe":1,"stat.craftItem.minecraft.iron_sword":2,"stat.mineBlock.minecraft.monster_egg":5,"stat.walkOneCm":2320073,"stat.useItem.minecraft.bread":127,"stat.useItem.minecraft.torch":2,"stat.playerKills":14,"stat.useItem.minecraft.cobblestone":64,"stat.craftItem.minecraft.crafting_table":4,"stat.breakItem.minecraft.stone_pickaxe":1,"stat.craftItem.minecraft.gold_ingot":25,"stat.useItem.minecraft.stained_hardened_clay":80,"stat.mineBlock.minecraft.cactus":4,"stat.craftItem.minecraft.planks":28,"stat.useItem.minecraft.iron_sword":57,"stat.mineBlock.minecraft.quartz_ore":5,"stat.mineBlock.minecraft.glowstone":3,"stat.mobKills":26,"stat.mineBlock.minecraft.log":7,"stat.craftItem.minecraft.wooden_door":3,"stat.useItem.minecraft.wooden_door":2,"stat.useItem.minecraft.monster_egg":64,"achievement.acquireIron":4,"stat.mineBlock.minecraft.redstone_ore":8,"stat.mineBlock.minecraft.stone":127}