{"stat.chestOpened":31,"stat.mineBlock.minecraft.stone_button":2,"stat.useItem.minecraft.iron_axe":39,"stat.leaveGame":10,"stat.mineBlock.minecraft.cobblestone":8,"stat.craftItem.minecraft.iron_axe":1,"stat.mineBlock.minecraft.sandstone":13,"stat.mineBlock.minecraft.gold_block":29,"stat.jump":5875,"stat.swimOneCm":4620,"stat.fallOneCm":89452,"stat.climbOneCm":7561,"achievement.buildWorkBench":1,"stat.crouchOneCm":568,"stat.mineBlock.minecraft.chest":1,"stat.craftItem.minecraft.iron_ingot":83,"stat.craftItem.minecraft.torch":28,"stat.breakItem.minecraft.iron_pickaxe":1,"stat.craftItem.minecraft.chest":1,"stat.craftItem.minecraft.iron_helmet":1,"stat.useItem.minecraft.stone_button":5,"stat.useItem.minecraft.dirt":3,"achievement.exploreAllBiomes":{"value":0,"progress":["Desert"]},"stat.craftingTableInteraction":18,"stat.craftItem.minecraft.furnace":1,"stat.craftItem.minecraft.iron_boots":2,"stat.damageTaken":1908,"stat.mineBlock.minecraft.torch":5,"stat.mineBlock.minecraft.furnace":2,"stat.useItem.minecraft.furnace":3,"stat.flyOneCm":950523,"achievement.buildPickaxe":2,"stat.mineBlock.minecraft.gravel":54,"stat.craftItem.minecraft.iron_leggings":1,"stat.damageDealt":1365,"achievement.buildBetterPickaxe":2,"stat.mineBlock.minecraft.iron_ore":33,"stat.timeSinceDeath":2583,"stat.killEntity.Silverfish":2,"stat.mineBlock.minecraft.dirt":31,"stat.useItem.minecraft.sign":1,"stat.useItem.minecraft.crafting_table":7,"stat.useItem.minecraft.iron_pickaxe":407,"stat.craftItem.minecraft.iron_sword":1,"stat.craftItem.minecraft.iron_block":4,"stat.walkOneCm":2287142,"stat.useItem.minecraft.bread":105,"stat.useItem.minecraft.torch":25,"stat.useItem.minecraft.chest":2,"stat.playerKills":4,"stat.useItem.minecraft.cobblestone":273,"stat.craftItem.minecraft.crafting_table":1,"stat.furnaceInteraction":12,"stat.useItem.minecraft.gravel":56,"stat.mineBlock.minecraft.coal_ore":43,"stat.useItem.minecraft.redstone":1,"stat.craftItem.minecraft.gold_ingot":36,"stat.craftItem.minecraft.iron_chestplate":1,"achievement.buildSword":1,"achievement.mineWood":34,"stat.useItem.minecraft.stained_hardened_clay":6,"stat.mineBlock.minecraft.stained_hardened_clay":8,"stat.sprintOneCm":610739,"stat.craftItem.minecraft.stick":16,"stat.mineBlock.minecraft.iron_block":42,"stat.useItem.minecraft.stone_slab":3,"achievement.openInventory":134,"stat.craftItem.minecraft.planks":20,"stat.useItem.minecraft.iron_sword":20,"stat.mineBlock.minecraft.crafting_table":6,"stat.mineBlock.minecraft.glowstone":4,"stat.mobKills":2,"stat.mineBlock.minecraft.log":37,"achievement.killEnemy":2,"achievement.buildFurnace":1,"stat.deaths":5,"achievement.acquireIron":3,"stat.drop":35,"stat.playOneMinute":461715,"stat.mineBlock.minecraft.redstone_ore":3,"stat.craftItem.minecraft.iron_pickaxe":2,"stat.mineBlock.minecraft.stone":206,"stat.mineBlock.minecraft.gold_ore":2,"stat.mineBlock.minecraft.tallgrass":7,"stat.diveOneCm":613,"stat.useItem.minecraft.sandstone":13}