{"stat.useItem.minecraft.quartz_block":14,"stat.leaveGame":19,"stat.mineBlock.minecraft.yellow_flower":1,"stat.useItem.minecraft.glowstone":1,"stat.mineBlock.minecraft.sandstone":25,"stat.swimOneCm":3591,"stat.climbOneCm":15486,"stat.useItem.minecraft.planks":50,"achievement.buildWorkBench":1,"stat.useItem.minecraft.dirt":13,"achievement.exploreAllBiomes":{"value":0,"progress":["Desert"]},"stat.craftItem.minecraft.stone_axe":1,"stat.craftItem.minecraft.stone_pickaxe":2,"stat.useItem.minecraft.anvil":1,"stat.flyOneCm":1696310,"stat.useItem.minecraft.ender_pearl":1,"achievement.buildPickaxe":6,"stat.mineBlock.minecraft.sand":33,"stat.craftItem.minecraft.wooden_hoe":1,"achievement.buildBetterPickaxe":2,"stat.timeSinceDeath":19089,"stat.useItem.minecraft.spawn_egg":16,"stat.craftItem.minecraft.wooden_pickaxe":4,"stat.furnaceInteraction":16,"stat.mineBlock.minecraft.enchanting_table":2,"stat.useItem.minecraft.double_plant":1,"stat.useItem.minecraft.redstone":1,"achievement.mineWood":34,"stat.mineBlock.minecraft.stained_hardened_clay":289,"stat.sprintOneCm":575500,"stat.craftItem.minecraft.stick":100,"achievement.openInventory":323,"stat.useItem.minecraft.cauldron":2,"stat.useItem.minecraft.wheat_seeds":17,"stat.mineBlock.minecraft.crafting_table":5,"stat.mineBlock.minecraft.quartz_block":15,"stat.useItem.minecraft.carrot":3,"stat.useItem.minecraft.dye":25,"stat.useItem.minecraft.bucket":34,"stat.deaths":13,"stat.mineBlock.minecraft.planks":2,"stat.drop":22,"stat.playOneMinute":549758,"stat.useItem.minecraft.ladder":34,"stat.mineBlock.minecraft.tallgrass":20,"stat.diveOneCm":3167,"stat.chestOpened":51,"stat.useItem.minecraft.sticky_piston":1,"stat.craftItem.minecraft.ladder":30,"achievement.buildHoe":1,"stat.jump":7552,"stat.useItem.minecraft.sand":21,"stat.useItem.minecraft.wooden_hoe":23,"stat.fallOneCm":255676,"stat.useItem.minecraft.piston":1,"stat.useItem.minecraft.stone_axe":31,"stat.craftItem.minecraft.bread":3,"stat.crouchOneCm":80598,"achievement.makeBread":6,"stat.craftingTableInteraction":18,"stat.useItem.minecraft.glass":75,"stat.mineBlock.minecraft.leaves2":1,"stat.mineBlock.minecraft.log2":13,"stat.brewingstandInteraction":20,"stat.damageTaken":5310,"stat.mineBlock.minecraft.furnace":2,"stat.mineBlock.minecraft.torch":5,"stat.useItem.minecraft.wooden_pickaxe":240,"stat.useItem.minecraft.furnace":6,"stat.craftItem.minecraft.glowstone":1,"stat.mineBlock.minecraft.gravel":2,"stat.useItem.minecraft.stone_pickaxe":130,"stat.mineBlock.minecraft.glass":3,"stat.useItem.minecraft.enchanting_table":3,"stat.damageDealt":415,"stat.craftItem.minecraft.glass":27,"stat.killEntity.Silverfish":3,"stat.mineBlock.minecraft.dirt":18,"stat.useItem.minecraft.crafting_table":5,"stat.walkOneCm":2111943,"stat.useItem.minecraft.torch":20,"stat.useItem.minecraft.bread":127,"stat.useItem.minecraft.chest":2,"stat.useItem.minecraft.cobblestone":8,"stat.craftItem.minecraft.crafting_table":1,"stat.useItem.minecraft.lava_bucket":29,"stat.breakItem.minecraft.stone_pickaxe":1,"stat.useItem.minecraft.redstone_block":4,"stat.useItem.minecraft.item_frame":6,"stat.useItem.minecraft.stained_hardened_clay":197,"stat.craftItem.minecraft.planks":136,"stat.useItem.minecraft.barrier":1,"stat.mineBlock.minecraft.glowstone":14,"stat.mobKills":3,"stat.mineBlock.minecraft.log":23,"stat.mineBlock.minecraft.leaves":2,"stat.useItem.minecraft.writable_book":1,"stat.useItem.minecraft.brewing_stand":3,"stat.useItem.minecraft.map":1,"stat.mineBlock.minecraft.stone":15,"stat.useItem.minecraft.sandstone":32,"stat.breakItem.minecraft.wooden_pickaxe":4}