{"stat.useItem.minecraft.diamond_hoe":22,"stat.useItem.minecraft.dispenser":5,"stat.walkOneCm":337954,"stat.useItem.minecraft.torch":11,"achievement.openInventory":103,"stat.useItem.minecraft.stone":6,"stat.leaveGame":1,"stat.useItem.minecraft.wheat_seeds":5,"stat.damageTaken":80,"stat.dispenserInspected":15,"stat.useItem.minecraft.ender_chest":1,"stat.flyOneCm":1690557,"stat.drop":7,"stat.jump":983,"stat.swimOneCm":8853,"stat.playOneMinute":543837,"stat.fallOneCm":870,"stat.useItem.minecraft.planks":66,"stat.enderchestOpened":1,"stat.timeSinceDeath":543837,"stat.useItem.minecraft.dirt":534,"stat.sprintOneCm":15206,"achievement.exploreAllBiomes":{"value":0,"progress":["Desert"]},"stat.diveOneCm":2623,"stat.useItem.minecraft.sandstone":44}