{"stat.chestOpened":1,"stat.useItem.minecraft.birch_door":14,"stat.useItem.minecraft.dispenser":69,"stat.useItem.minecraft.glass":115,"stat.walkOneCm":572972,"stat.useItem.minecraft.torch":18,"stat.useItem.minecraft.chest":1,"stat.useItem.minecraft.sandstone_stairs":168,"stat.useItem.minecraft.bed":8,"achievement.openInventory":53,"stat.useItem.minecraft.stone":84,"stat.leaveGame":1,"stat.useItem.minecraft.iron_block":2,"stat.damageTaken":60,"stat.useItem.minecraft.wooden_button":1,"stat.useItem.minecraft.oak_stairs":6,"stat.useItem.minecraft.cobblestone":10,"stat.dispenserInspected":67,"stat.useItem.minecraft.furnace":2,"stat.useItem.minecraft.slime":22,"stat.useItem.minecraft.wooden_door":3,"stat.flyOneCm":570488,"stat.drop":23,"stat.jump":1284,"stat.swimOneCm":5128,"stat.useItem.minecraft.sand":8,"stat.useItem.minecraft.iron_trapdoor":65,"stat.useItem.minecraft.wooden_hoe":68,"stat.playOneMinute":536648,"stat.fallOneCm":1545,"stat.useItem.minecraft.planks":2,"stat.climbOneCm":658,"stat.useItem.minecraft.redstone":50,"stat.useItem.minecraft.enchanting_table":2,"stat.crouchOneCm":4089,"stat.timeSinceDeath":536648,"stat.useItem.minecraft.dirt":283,"stat.sprintOneCm":10085,"stat.useItem.minecraft.stained_glass":19,"stat.useItem.minecraft.crafting_table":1,"achievement.exploreAllBiomes":{"value":0,"progress":["Desert"]},"stat.diveOneCm":594,"stat.useItem.minecraft.sandstone":254,"stat.craftingTableInteraction":1}