{"stat.chestOpened":66,"stat.useItem.minecraft.stone":137,"stat.leaveGame":6,"stat.mineBlock.minecraft.yellow_flower":3,"stat.mineBlock.minecraft.deadbush":11,"stat.useItem.minecraft.glowstone":7,"stat.mineBlock.minecraft.sandstone":244,"stat.mineBlock.minecraft.gold_block":9,"stat.jump":6955,"stat.swimOneCm":17911,"stat.useItem.minecraft.sand":17,"stat.fallOneCm":163053,"stat.climbOneCm":47904,"achievement.buildWorkBench":4,"stat.crouchOneCm":17310,"stat.mineBlock.minecraft.chest":4,"stat.craftItem.minecraft.iron_ingot":15,"stat.craftItem.minecraft.chest":2,"stat.useItem.minecraft.dirt":11,"stat.mineBlock.minecraft.lever":2,"achievement.exploreAllBiomes":{"value":0,"progress":["Desert"]},"stat.craftingTableInteraction":11,"stat.craftItem.minecraft.furnace":1,"stat.useItem.minecraft.sapling":8,"stat.mineBlock.minecraft.lapis_ore":495,"stat.mineBlock.minecraft.leaves2":3,"stat.mineBlock.minecraft.log2":5,"stat.damageTaken":1150,"stat.mineBlock.minecraft.torch":30,"stat.craftItem.minecraft.stone_pickaxe":4,"stat.useItem.minecraft.furnace":1,"stat.craftItem.minecraft.glowstone":7,"stat.useItem.minecraft.anvil":3,"stat.flyOneCm":1122334,"achievement.buildPickaxe":9,"stat.mineBlock.minecraft.sand":73,"stat.mineBlock.minecraft.gravel":4,"stat.useItem.minecraft.stone_pickaxe":439,"stat.mineBlock.minecraft.glass":2,"stat.mineBlock.minecraft.beacon":1,"stat.damageDealt":180,"achievement.buildBetterPickaxe":9,"stat.mineBlock.minecraft.iron_ore":17,"stat.timeSinceDeath":259489,"stat.mineBlock.minecraft.dirt":9,"stat.useItem.minecraft.crafting_table":2,"stat.useItem.minecraft.sign":3,"stat.useItem.minecraft.iron_pickaxe":581,"stat.walkOneCm":2218434,"stat.useItem.minecraft.bread":109,"stat.useItem.minecraft.torch":40,"stat.useItem.minecraft.chest":8,"stat.mineBlock.minecraft.sticky_piston":27,"stat.useItem.minecraft.cobblestone":45,"stat.craftItem.minecraft.crafting_table":3,"stat.furnaceInteraction":4,"stat.mineBlock.minecraft.coal_ore":41,"stat.breakItem.minecraft.stone_pickaxe":1,"stat.mineBlock.minecraft.emerald_ore":58,"achievement.mineWood":33,"stat.useItem.minecraft.stained_hardened_clay":135,"stat.mineBlock.minecraft.stained_hardened_clay":303,"stat.sprintOneCm":633442,"stat.craftItem.minecraft.stick":12,"stat.mineBlock.minecraft.iron_block":24,"stat.mineBlock.minecraft.cactus":30,"achievement.openInventory":146,"stat.craftItem.minecraft.planks":128,"stat.mineBlock.minecraft.diamond_ore":3,"stat.itemEnchanted":2,"stat.mineBlock.minecraft.redstone_torch":8,"stat.useItem.minecraft.diamond_pickaxe":584,"stat.mineBlock.minecraft.glowstone":17,"stat.mineBlock.minecraft.log":27,"achievement.buildFurnace":1,"stat.deaths":1,"achievement.acquireIron":2,"stat.drop":20,"stat.mineBlock.minecraft.leaves":20,"stat.playOneMinute":809493,"stat.useItem.minecraft.ladder":8,"stat.mineBlock.minecraft.redstone_ore":2,"stat.craftItem.minecraft.iron_pickaxe":4,"stat.craftItem.minecraft.diamond_pickaxe":1,"stat.mineBlock.minecraft.stone":97,"stat.mineBlock.minecraft.gold_ore":72,"stat.mineBlock.minecraft.tallgrass":60,"stat.diveOneCm":38136,"stat.useItem.minecraft.sandstone":62}