{"stat.useItem.minecraft.string":4,"stat.chestOpened":28,"stat.useItem.minecraft.brick_stairs":48,"stat.useItem.minecraft.sticky_piston":1,"stat.useItem.minecraft.quartz_block":1,"stat.craftItem.minecraft.ladder":24,"stat.useItem.minecraft.stone":3,"stat.leaveGame":19,"stat.useItem.minecraft.glass_bottle":24,"stat.useItem.minecraft.glowstone":14,"stat.jump":4369,"stat.swimOneCm":10389,"stat.useItem.minecraft.sand":2,"stat.fallOneCm":141165,"stat.useItem.minecraft.planks":8,"stat.climbOneCm":8484,"stat.crouchOneCm":30672,"stat.useItem.minecraft.dirt":16,"stat.useItem.minecraft.stone_button":4,"achievement.exploreAllBiomes":{"value":0,"progress":["Desert"]},"stat.craftingTableInteraction":10,"stat.craftItem.minecraft.furnace":8,"stat.useItem.minecraft.sapling":10,"stat.brewingstandInteraction":25,"stat.damageTaken":5150,"stat.useItem.minecraft.stone_brick_stairs":32,"stat.mineBlock.minecraft.torch":4,"stat.craftItem.minecraft.stone_pickaxe":2,"stat.useItem.minecraft.furnace":8,"stat.craftItem.minecraft.glowstone":68,"stat.useItem.minecraft.brick_block":1,"stat.flyOneCm":742349,"stat.craftItem.minecraft.glass_bottle":27,"stat.useItem.minecraft.ender_pearl":10,"stat.mineBlock.minecraft.sand":39,"stat.mineBlock.minecraft.gravel":1,"stat.useItem.minecraft.stone_pickaxe":145,"stat.useItem.minecraft.cooked_beef":1,"stat.mineBlock.minecraft.glass":1,"stat.damageDealt":135,"stat.craftItem.minecraft.glass":28,"stat.timeSinceDeath":121347,"stat.killEntity.Silverfish":1,"stat.mineBlock.minecraft.dirt":5,"stat.useItem.minecraft.spawn_egg":9,"stat.mineBlock.minecraft.monster_egg":45,"stat.walkOneCm":1240802,"stat.useItem.minecraft.bread":72,"stat.useItem.minecraft.torch":3,"stat.useItem.minecraft.cobblestone":16,"stat.furnaceInteraction":15,"stat.useItem.minecraft.gravel":2,"stat.breakItem.minecraft.stone_pickaxe":1,"stat.useItem.minecraft.redstone_block":53,"stat.useItem.minecraft.item_frame":2,"stat.useItem.minecraft.redstone":4,"achievement.mineWood":2,"stat.useItem.minecraft.stained_hardened_clay":595,"stat.mineBlock.minecraft.stained_hardened_clay":132,"stat.useItem.minecraft.diamond_block":10,"stat.sprintOneCm":359897,"stat.useItem.minecraft.redstone_ore":6,"stat.craftItem.minecraft.stick":60,"stat.useItem.minecraft.stone_slab":100,"achievement.openInventory":158,"stat.itemEnchanted":1,"stat.mineBlock.minecraft.quartz_block":2,"stat.mineBlock.minecraft.glowstone":101,"stat.mobKills":1,"stat.useItem.minecraft.dye":33,"stat.entityKilledBy.Creeper":2,"stat.deaths":12,"stat.useItem.minecraft.monster_egg":128,"stat.mineBlock.minecraft.planks":1,"stat.drop":14,"stat.playOneMinute":421880,"stat.entityKilledBy.Silverfish":1,"stat.useItem.minecraft.ladder":24,"stat.diveOneCm":24808,"stat.useItem.minecraft.sandstone":74}