{"stat.beaconInteraction":2,"stat.leaveGame":7,"stat.mineBlock.minecraft.cobblestone":3,"stat.useItem.minecraft.beacon":2,"stat.useItem.minecraft.soul_sand":3,"stat.mineBlock.minecraft.sandstone":19,"stat.mineBlock.minecraft.stained_glass_pane":2,"stat.swimOneCm":1895,"stat.climbOneCm":1217,"stat.useItem.minecraft.planks":2,"achievement.buildWorkBench":4,"stat.breakItem.minecraft.iron_pickaxe":2,"stat.useItem.minecraft.dirt":25,"achievement.exploreAllBiomes":{"value":0,"progress":["Desert"]},"stat.useItem.minecraft.water_bucket":1,"stat.mineBlock.minecraft.nether_brick_fence":4,"stat.craftItem.minecraft.stone_pickaxe":2,"stat.useItem.minecraft.brick_block":8,"stat.flyOneCm":673929,"stat.useItem.minecraft.ender_pearl":16,"stat.mineBlock.minecraft.sand":46,"achievement.buildPickaxe":6,"achievement.buildBetterPickaxe":6,"stat.mineBlock.minecraft.iron_ore":44,"stat.timeSinceDeath":12980,"stat.useItem.minecraft.iron_pickaxe":354,"stat.useItem.minecraft.sign":1,"stat.mineBlock.minecraft.brick_block":1,"stat.furnaceInteraction":8,"stat.useItem.minecraft.nether_wart":3,"stat.useItem.minecraft.pumpkin_seeds":1,"stat.mineBlock.minecraft.coal_ore":6,"stat.killEntity.Creeper":1,"stat.mineBlock.minecraft.redstone_lamp":1,"achievement.mineWood":5,"stat.mineBlock.minecraft.stained_hardened_clay":139,"stat.sprintOneCm":318095,"stat.craftItem.minecraft.stick":88,"stat.useItem.minecraft.bed":1,"achievement.openInventory":293,"stat.craftItem.minecraft.gold_nugget":9,"stat.mineBlock.minecraft.crafting_table":1,"stat.mineBlock.minecraft.quartz_block":1,"stat.craftItem.minecraft.speckled_melon":1,"stat.useItem.minecraft.bucket":3,"stat.deaths":3,"stat.drop":148,"stat.craftItem.minecraft.melon_seeds":2,"stat.playOneMinute":426956,"stat.craftItem.minecraft.iron_pickaxe":1,"stat.useItem.minecraft.melon_seeds":2,"stat.mineBlock.minecraft.gold_ore":2,"stat.mineBlock.minecraft.tallgrass":3,"stat.diveOneCm":3494,"stat.chestOpened":39,"stat.useItem.minecraft.glass_bottle":3,"stat.mineBlock.minecraft.deadbush":19,"stat.useItem.minecraft.potion":3,"stat.jump":4531,"stat.useItem.minecraft.sand":28,"stat.fallOneCm":121988,"stat.crouchOneCm":36751,"stat.craftItem.minecraft.iron_ingot":14,"stat.craftItem.minecraft.chest":3,"stat.craftItem.minecraft.iron_helmet":1,"stat.craftingTableInteraction":11,"stat.useItem.minecraft.glass":7,"stat.mineBlock.minecraft.lapis_ore":3,"stat.brewingstandInteraction":16,"stat.damageTaken":3065,"stat.mineBlock.minecraft.torch":16,"stat.mineBlock.minecraft.gravel":3,"stat.useItem.minecraft.stone_pickaxe":39,"stat.mineBlock.minecraft.glass":8,"stat.mineBlock.minecraft.beacon":2,"stat.damageDealt":290,"stat.craftItem.minecraft.glass":34,"stat.killEntity.Silverfish":1,"stat.useItem.minecraft.crafting_table":3,"stat.mineBlock.minecraft.dirt":26,"stat.walkOneCm":1967089,"stat.useItem.minecraft.bread":79,"stat.useItem.minecraft.torch":45,"stat.useItem.minecraft.chest":3,"stat.useItem.minecraft.cobblestone":24,"stat.craftItem.minecraft.crafting_table":2,"stat.useItem.minecraft.gravel":13,"stat.useItem.minecraft.lava_bucket":1,"stat.useItem.minecraft.cooked_fish":3,"stat.useItem.minecraft.stained_hardened_clay":188,"stat.mineBlock.minecraft.iron_block":10,"stat.craftItem.minecraft.bucket":1,"stat.craftItem.minecraft.planks":272,"stat.itemEnchanted":2,"stat.useItem.minecraft.iron_block":9,"stat.mineBlock.minecraft.quartz_ore":13,"stat.mineBlock.minecraft.glowstone":6,"stat.mobKills":2,"stat.mineBlock.minecraft.log":4,"stat.mineBlock.minecraft.leaves":3,"stat.mineBlock.minecraft.redstone_ore":4,"stat.mineBlock.minecraft.stone":90,"stat.useItem.minecraft.sandstone":69}