{"stat.chestOpened":10,"stat.useItem.minecraft.lapis_ore":29,"stat.walkOneCm":904311,"stat.useItem.minecraft.torch":114,"stat.useItem.minecraft.sticky_piston":3,"stat.useItem.minecraft.quartz_block":1898,"stat.useItem.minecraft.chest":1,"stat.useItem.minecraft.lever":20,"stat.useItem.minecraft.stone":28,"stat.leaveGame":2,"stat.useItem.minecraft.gold_ore":25,"stat.jump":1795,"stat.swimOneCm":1502,"stat.useItem.minecraft.sand":125,"stat.useItem.minecraft.iron_trapdoor":23,"stat.fallOneCm":1834,"stat.useItem.minecraft.planks":1,"stat.climbOneCm":446,"stat.useItem.minecraft.redstone":126,"stat.crouchOneCm":77,"stat.useItem.minecraft.stained_hardened_clay":2,"stat.useItem.minecraft.dirt":402,"stat.useItem.minecraft.trapdoor":14,"stat.useItem.minecraft.coal_ore":20,"stat.sprintOneCm":136842,"stat.useItem.minecraft.redstone_ore":32,"achievement.exploreAllBiomes":{"value":0,"progress":["Desert"]},"stat.useItem.minecraft.emerald_ore":25,"stat.useItem.minecraft.dark_oak_door":2,"stat.useItem.minecraft.sapling":2,"stat.useItem.minecraft.redstone_lamp":37,"achievement.openInventory":144,"stat.damageTaken":60,"stat.useItem.minecraft.iron_ore":19,"stat.useItem.minecraft.daylight_detector":27,"stat.useItem.minecraft.dye":161,"stat.flyOneCm":2161482,"stat.drop":136,"stat.playOneMinute":507223,"stat.useItem.minecraft.diamond_ore":27,"stat.timeSinceDeath":507223,"stat.useItem.minecraft.sign":2,"stat.diveOneCm":1125,"stat.useItem.minecraft.sandstone":169,"stat.useItem.minecraft.iron_door":10}