{"stat.chestOpened":43,"stat.walkOneCm":693923,"stat.useItem.minecraft.quartz_block":220,"stat.useItem.minecraft.chest":16,"stat.useItem.minecraft.lever":5,"stat.useItem.minecraft.stone":124,"stat.leaveGame":3,"stat.useItem.minecraft.tnt":1,"stat.useItem.minecraft.glowstone":46,"stat.jump":607,"stat.swimOneCm":2047,"stat.useItem.minecraft.sand":177,"stat.useItem.minecraft.iron_trapdoor":49,"stat.fallOneCm":3371,"stat.useItem.minecraft.planks":531,"stat.crouchOneCm":11690,"stat.useItem.minecraft.stained_hardened_clay":68,"stat.useItem.minecraft.dropper":1,"stat.useItem.minecraft.dirt":73,"stat.sprintOneCm":122299,"achievement.exploreAllBiomes":{"value":0,"progress":["Desert"]},"stat.useItem.minecraft.cactus":3,"stat.dropperInspected":2,"stat.useItem.minecraft.sandstone_stairs":4,"achievement.openInventory":119,"stat.useItem.minecraft.barrier":46,"stat.damageTaken":80,"stat.dispenserInspected":2,"stat.useItem.minecraft.hopper":4,"stat.useItem.minecraft.slime":5,"stat.flyOneCm":1417111,"stat.drop":12,"stat.useItem.minecraft.writable_book":1,"stat.playOneMinute":608439,"stat.timeSinceDeath":608439,"stat.hopperInspected":8,"stat.diveOneCm":624,"stat.useItem.minecraft.sandstone":2}