{"stat.walkOneCm":7544,"achievement.openInventory":13,"stat.useItem.minecraft.stone":13,"stat.leaveGame":4,"stat.useItem.minecraft.iron_block":4,"stat.useItem.minecraft.gold_block":1,"stat.flyOneCm":638520,"stat.deaths":2,"stat.jump":43,"stat.swimOneCm":108,"stat.playOneMinute":64956,"stat.crouchOneCm":362,"stat.timeSinceDeath":4282,"stat.useItem.minecraft.dirt":17,"stat.sprintOneCm":84,"achievement.exploreAllBiomes":{"value":0,"progress":["Desert"]},"stat.diveOneCm":818,"stat.useItem.minecraft.sandstone":20}