{"stat.chestOpened":27,"stat.walkOneCm":479427,"stat.useItem.minecraft.chest":2,"stat.useItem.minecraft.stone":24,"stat.leaveGame":1,"stat.useItem.minecraft.bedrock":1,"stat.jump":2376,"stat.swimOneCm":2089,"stat.useItem.minecraft.iron_trapdoor":44,"stat.fallOneCm":3486,"stat.useItem.minecraft.redstone":24,"stat.useItem.minecraft.sea_lantern":1,"stat.crouchOneCm":69,"stat.useItem.minecraft.dirt":180,"stat.sprintOneCm":5343,"stat.useItem.minecraft.redstone_ore":11,"achievement.exploreAllBiomes":{"value":0,"progress":["Desert"]},"stat.craftingTableInteraction":1,"stat.useItem.minecraft.prismarine":1,"achievement.openInventory":174,"stat.useItem.minecraft.barrier":31,"stat.damageTaken":30,"stat.useItem.minecraft.slime":5,"stat.flyOneCm":1493977,"stat.drop":6,"stat.useItem.minecraft.writable_book":5,"stat.playOneMinute":567086,"stat.timeSinceDeath":567086,"stat.diveOneCm":953}