{"stat.chestOpened":14,"stat.walkOneCm":999789,"stat.useItem.minecraft.torch":3,"stat.useItem.minecraft.quartz_block":4,"stat.useItem.minecraft.stone":90,"stat.useItem.minecraft.pumpkin":5,"stat.useItem.minecraft.repeater":2,"stat.leaveGame":3,"stat.useItem.minecraft.cobblestone":21,"stat.useItem.minecraft.glowstone":18,"stat.useItem.minecraft.bedrock":2,"stat.jump":1855,"stat.swimOneCm":8944,"stat.useItem.minecraft.sand":225,"stat.useItem.minecraft.iron_trapdoor":19,"stat.fallOneCm":2025,"stat.useItem.minecraft.planks":36,"stat.climbOneCm":247,"stat.useItem.minecraft.redstone":23,"stat.useItem.minecraft.sea_lantern":95,"stat.useItem.minecraft.piston":2,"stat.crouchOneCm":179074,"achievement.mineWood":1,"stat.useItem.minecraft.stained_hardened_clay":291,"stat.useItem.minecraft.dirt":811,"stat.sprintOneCm":92176,"achievement.exploreAllBiomes":{"value":0,"progress":["Desert"]},"stat.useItem.minecraft.prismarine":1,"stat.useItem.minecraft.diamond_hoe":12,"stat.useItem.minecraft.glass":12,"stat.useItem.minecraft.dispenser":5,"stat.useItem.minecraft.sapling":4,"stat.useItem.minecraft.sandstone_stairs":1,"achievement.openInventory":353,"stat.useItem.minecraft.barrier":38,"stat.useItem.minecraft.wheat_seeds":7,"stat.damageTaken":60,"stat.dispenserInspected":18,"stat.useItem.minecraft.hopper":15,"stat.useItem.minecraft.dye":116,"stat.useItem.minecraft.bucket":103,"stat.useItem.minecraft.slime":21,"stat.flyOneCm":2210059,"stat.drop":90,"stat.useItem.minecraft.writable_book":9,"stat.playOneMinute":456897,"stat.useItem.minecraft.melon_seeds":4,"stat.timeSinceDeath":456897,"stat.hopperInspected":46,"stat.useItem.minecraft.sign":1,"stat.useItem.minecraft.melon_block":30,"stat.useItem.minecraft.wooden_slab":7,"stat.diveOneCm":9788,"stat.useItem.minecraft.fishing_rod":25,"stat.useItem.minecraft.sandstone":205,"stat.useItem.minecraft.iron_door":3}