{"stat.chestOpened":6,"stat.useItem.minecraft.sticky_piston":6,"stat.useItem.minecraft.repeater":3,"stat.leaveGame":4,"stat.useItem.minecraft.potion":762,"stat.useItem.minecraft.stained_glass_pane":16,"stat.useItem.minecraft.bedrock":78,"stat.jump":2134,"stat.swimOneCm":16275,"stat.fallOneCm":1114,"stat.useItem.minecraft.planks":141,"stat.climbOneCm":740,"stat.crouchOneCm":2586,"stat.useItem.minecraft.dirt":337,"achievement.exploreAllBiomes":{"value":0,"progress":["Desert"]},"stat.craftingTableInteraction":1,"stat.useItem.minecraft.diamond_hoe":47,"stat.useItem.minecraft.glass":85,"stat.useItem.minecraft.dispenser":69,"stat.useItem.minecraft.sapling":10,"stat.useItem.minecraft.sandstone_stairs":47,"stat.damageTaken":440,"stat.dispenserInspected":19,"stat.useItem.minecraft.furnace":5,"stat.useItem.minecraft.slime":1,"stat.useItem.minecraft.anvil":1,"stat.flyOneCm":2213023,"stat.timeSinceDeath":562894,"stat.hopperInspected":2,"stat.useItem.minecraft.crafting_table":4,"stat.useItem.minecraft.wooden_slab":32,"stat.useItem.minecraft.iron_door":17,"stat.useItem.minecraft.iron_bars":41,"stat.walkOneCm":821907,"stat.useItem.minecraft.torch":28,"stat.useItem.minecraft.chest":16,"stat.useItem.minecraft.lever":10,"stat.useItem.minecraft.pumpkin_seeds":20,"stat.useItem.minecraft.redstone":131,"stat.useItem.minecraft.written_book":6,"stat.sprintOneCm":100315,"stat.useItem.minecraft.stained_glass":112,"stat.useItem.minecraft.birch_door":1,"stat.useItem.minecraft.stone_slab":33,"stat.useItem.minecraft.bed":6,"achievement.openInventory":118,"stat.useItem.minecraft.wheat_seeds":48,"stat.useItem.minecraft.stone_pressure_plate":3,"stat.useItem.minecraft.hopper":9,"stat.deaths":2,"stat.drop":32,"stat.useItem.minecraft.writable_book":6,"stat.playOneMinute":581007,"stat.useItem.minecraft.ladder":10,"stat.useItem.minecraft.melon_seeds":20,"stat.useItem.minecraft.jukebox":2,"stat.diveOneCm":15540,"stat.useItem.minecraft.sandstone":253}