{"stat.chestOpened":37,"stat.useItem.minecraft.sticky_piston":12,"stat.useItem.minecraft.stone":1987,"stat.useItem.minecraft.repeater":51,"stat.leaveGame":7,"stat.useItem.minecraft.glowstone":87,"stat.jump":886,"stat.swimOneCm":1059,"stat.useItem.minecraft.sand":157,"stat.useItem.minecraft.iron_trapdoor":42,"stat.useItem.minecraft.planks":94,"stat.fallOneCm":422,"stat.climbOneCm":474,"stat.useItem.minecraft.piston":5,"stat.crouchOneCm":13114,"stat.useItem.minecraft.dirt":329,"achievement.exploreAllBiomes":{"value":0,"progress":["Desert"]},"stat.useItem.minecraft.glass":57,"stat.useItem.minecraft.dispenser":12,"stat.dropperInspected":25,"stat.useItem.minecraft.sapling":5,"stat.useItem.minecraft.gold_block":20,"stat.dispenserInspected":5,"stat.useItem.minecraft.slime":3,"stat.flyOneCm":5589252,"stat.useItem.minecraft.wool":3,"stat.timeSinceDeath":3154,"stat.hopperInspected":31,"stat.useItem.minecraft.sign":33,"stat.useItem.minecraft.spawn_egg":2,"stat.useItem.minecraft.command_block":2,"stat.walkOneCm":361926,"stat.useItem.minecraft.torch":2,"stat.useItem.minecraft.chest":9,"stat.useItem.minecraft.lever":2,"stat.useItem.minecraft.comparator":3,"stat.useItem.minecraft.redstone_block":1,"stat.useItem.minecraft.redstone":145,"stat.useItem.minecraft.sea_lantern":1,"stat.useItem.minecraft.written_book":1,"stat.useItem.minecraft.dropper":11,"stat.sprintOneCm":30386,"stat.useItem.minecraft.redstone_ore":29,"stat.useItem.minecraft.glass_pane":2,"achievement.openInventory":169,"stat.useItem.minecraft.barrier":64,"stat.useItem.minecraft.iron_block":79,"stat.useItem.minecraft.stone_pressure_plate":1,"stat.useItem.minecraft.hopper":61,"stat.useItem.minecraft.daylight_detector":1,"stat.useItem.minecraft.wooden_pressure_plate":4,"stat.useItem.minecraft.dye":181,"stat.useItem.minecraft.wooden_door":1,"stat.deaths":2,"stat.drop":8,"stat.playOneMinute":1418329,"stat.diveOneCm":308,"stat.useItem.minecraft.sandstone":30}