{"stat.chestOpened":80,"stat.leaveGame":8,"stat.useItem.minecraft.log2":1,"stat.mineBlock.minecraft.deadbush":3,"stat.mineBlock.minecraft.sandstone":28,"stat.jump":5574,"stat.swimOneCm":13944,"stat.useItem.minecraft.sand":97,"stat.fallOneCm":103279,"stat.climbOneCm":74984,"achievement.buildWorkBench":1,"stat.crouchOneCm":417,"stat.mineBlock.minecraft.chest":2,"stat.craftItem.minecraft.chest":2,"stat.useItem.minecraft.dirt":2,"achievement.exploreAllBiomes":{"value":0,"progress":["Desert"]},"stat.craftingTableInteraction":13,"stat.mineBlock.minecraft.log2":4,"stat.damageTaken":2750,"stat.mineBlock.minecraft.torch":5,"stat.craftItem.minecraft.stone_pickaxe":4,"stat.craftItem.minecraft.glowstone":1,"stat.flyOneCm":194094,"stat.mineBlock.minecraft.sand":154,"achievement.buildPickaxe":3,"stat.useItem.minecraft.stone_pickaxe":217,"stat.craftItem.minecraft.glass":39,"stat.damageDealt":10,"achievement.buildBetterPickaxe":3,"stat.useItem.minecraft.wool":1,"stat.mineBlock.minecraft.iron_ore":20,"stat.timeSinceDeath":9812,"stat.mineBlock.minecraft.dirt":7,"stat.useItem.minecraft.sign":1,"stat.useItem.minecraft.crafting_table":1,"stat.useItem.minecraft.iron_pickaxe":96,"stat.walkOneCm":2680601,"stat.useItem.minecraft.bread":55,"stat.useItem.minecraft.torch":9,"stat.useItem.minecraft.chest":4,"stat.mineBlock.minecraft.sticky_piston":2,"stat.useItem.minecraft.cobblestone":3,"stat.furnaceInteraction":11,"stat.craftItem.minecraft.crafting_table":1,"stat.mineBlock.minecraft.coal_ore":52,"stat.mineBlock.minecraft.emerald_ore":61,"stat.mineBlock.minecraft.wool":1,"achievement.mineWood":4,"stat.useItem.minecraft.stained_hardened_clay":75,"stat.mineBlock.minecraft.stained_hardened_clay":42,"stat.sprintOneCm":639639,"stat.useItem.minecraft.cactus":1,"stat.craftItem.minecraft.stick":8,"stat.mineBlock.minecraft.cactus":25,"achievement.openInventory":67,"stat.craftItem.minecraft.planks":12,"stat.useItem.minecraft.barrier":1,"stat.mineBlock.minecraft.redstone_torch":1,"stat.mineBlock.minecraft.glowstone":36,"stat.deaths":7,"stat.drop":136,"stat.playOneMinute":767490,"stat.useItem.minecraft.ladder":152,"stat.craftItem.minecraft.iron_pickaxe":1,"stat.mineBlock.minecraft.stone":21,"stat.diveOneCm":7558,"stat.useItem.minecraft.sandstone":3}