{"stat.chestOpened":7,"stat.beaconInteraction":1,"stat.useItem.minecraft.stone":371,"stat.useItem.minecraft.repeater":1,"stat.leaveGame":10,"stat.useItem.minecraft.diamond_sword":25,"stat.useItem.minecraft.bedrock":1,"stat.jump":1056,"stat.swimOneCm":3215,"stat.useItem.minecraft.sand":37,"stat.useItem.minecraft.iron_trapdoor":64,"stat.fallOneCm":3012,"stat.useItem.minecraft.planks":5,"stat.climbOneCm":4791,"stat.crouchOneCm":20712,"stat.useItem.minecraft.dirt":254,"achievement.exploreAllBiomes":{"value":0,"progress":["Desert"]},"stat.craftingTableInteraction":1,"stat.useItem.minecraft.glass":33,"stat.damageTaken":520,"stat.useItem.minecraft.slime":1,"stat.flyOneCm":2947665,"stat.damageDealt":2070,"stat.useItem.minecraft.wool":71,"stat.timeSinceDeath":514300,"stat.killEntity.Silverfish":25,"stat.useItem.minecraft.crafting_table":1,"stat.walkOneCm":1244379,"stat.useItem.minecraft.torch":66,"stat.useItem.minecraft.bread":4,"stat.useItem.minecraft.chest":4,"stat.useItem.minecraft.lever":1,"stat.useItem.minecraft.comparator":2,"stat.useItem.minecraft.redstone":11,"stat.useItem.minecraft.stained_hardened_clay":6,"stat.sprintOneCm":106010,"stat.useItem.minecraft.redstone_ore":5,"achievement.openInventory":145,"stat.useItem.minecraft.barrier":73,"stat.mobKills":25,"stat.deaths":1,"stat.drop":15,"stat.playOneMinute":614303,"stat.useItem.minecraft.ladder":26,"stat.useItem.minecraft.diamond_ore":14,"stat.diveOneCm":14068,"stat.useItem.minecraft.sandstone":245}